{
  "summary": {
    "total_stages": 3,
    "stages": [
      "Stage0_Base",
      "Stage1_SFT",
      "Stage2_DPO"
    ],
    "metrics_analyzed": [
      "MIA_Gap",
      "Avg_LogProb",
      "Avg_Rank",
      "Canary_PPL",
      "PPL_Ratio"
    ]
  },
  "stage_metrics": [
    {
      "Stage": "Stage0_Base",
      "MIA_Gap": -3.7890504598617554,
      "Avg_LogProb": -6.547265625,
      "Avg_Rank": 3244.4,
      "Canary_PPL": 857.9446278629645,
      "PPL_Ratio": 51.59633063996128
    },
    {
      "Stage": "Stage1_SFT",
      "MIA_Gap": -3.851636099815369,
      "Avg_LogProb": -6.332421875,
      "Avg_Rank": 1621.1,
      "Canary_PPL": 690.0726277075023,
      "PPL_Ratio": 55.36468610650217
    },
    {
      "Stage": "Stage2_DPO",
      "MIA_Gap": -3.794948673248291,
      "Avg_LogProb": -6.299609375,
      "Avg_Rank": 1340.6,
      "Canary_PPL": 674.7635188440541,
      "PPL_Ratio": 52.82906142183654
    }
  ],
  "stage_deltas": {
    "Base_to_SFT": {
      "MIA_Gap": -0.06258563995361355,
      "MIA_Gap_pct": -1.6517499731554646,
      "Avg_LogProb": 0.21484375,
      "Avg_LogProb_pct": 3.2814271224867255,
      "Avg_Rank": -1623.3000000000002,
      "Avg_Rank_pct": -50.03390457403526,
      "Canary_PPL": -167.87200015546216,
      "Canary_PPL_pct": -19.56676394997785,
      "PPL_Ratio": 3.768355466540889,
      "PPL_Ratio_pct": 7.3035338362265305
    },
    "SFT_to_DPO": {
      "MIA_Gap": 0.056687426567077814,
      "MIA_Gap_pct": 1.4717752429881725,
      "Avg_LogProb": 0.03281249999999947,
      "Avg_LogProb_pct": 0.5181666769477431,
      "Avg_Rank": -280.5,
      "Avg_Rank_pct": -17.303065819505274,
      "Canary_PPL": -15.30910886344816,
      "Canary_PPL_pct": -2.218477917941292,
      "PPL_Ratio": -2.5356246846656276,
      "PPL_Ratio_pct": -4.5798592261283275
    },
    "Base_to_DPO": {
      "MIA_Gap": -0.005898213386535733,
      "MIA_Gap_pct": -0.1556646829863261,
      "Avg_LogProb": 0.24765624999999947,
      "Avg_LogProb_pct": 3.7825905375574167,
      "Avg_Rank": -1903.8000000000002,
      "Avg_Rank_pct": -58.67957095302676,
      "Canary_PPL": -183.18110901891032,
      "Canary_PPL_pct": -21.351157530433188,
      "PPL_Ratio": 1.2327307818752615,
      "PPL_Ratio_pct": 2.389183041866379
    }
  },
  "attribution_scores": {
    "SFT_contribution": {
      "MIA_Gap": 1061.094874873164,
      "Avg_LogProb": 86.75078864353331,
      "Avg_Rank": 85.26630948629058,
      "Canary_PPL": 91.6426377449938,
      "PPL_Ratio": 305.6916823970576
    },
    "DPO_contribution": {
      "MIA_Gap": -961.0948748731639,
      "Avg_LogProb": 13.24921135646669,
      "Avg_Rank": 14.733690513709421,
      "Canary_PPL": 8.357362255006194,
      "PPL_Ratio": -205.6916823970576
    }
  },
  "interpretations": {
    "MIA": {
      "trend": "SFT 略微增加了 MIA 风险，DPO 有所缓解",
      "base_to_sft_change": "-0.0626",
      "sft_to_dpo_change": "0.0567",
      "conclusion": "DPO 对 MIA 风险有轻微的缓解作用"
    },
    "Extraction": {
      "trend": "Rank 从 3244 降至 1621 (SFT) 再降至 1341 (DPO)",
      "risk_increase": "58.7%",
      "conclusion": "训练后模型更容易提取 canary，提取风险显著增加"
    },
    "Perplexity": {
      "trend": "Canary PPL 从 858 降至 690 (SFT) 再降至 675 (DPO)",
      "memorization_increase": "21.4%",
      "conclusion": "模型对 canary 的困惑度降低，表明记忆程度增加"
    }
  },
  "key_findings": [
    "Canary 提取风险增加：平均排名从 3244 降至 1341",
    "SFT 阶段贡献了 85.3% 的排名变化，DPO 阶段贡献了 14.7%",
    "Canary 困惑度降低 21.4%，表明模型记忆程度增加",
    "MIA Gap 变化较小，成员推断攻击风险相对稳定"
  ]
}