Stage,MIA_Gap,Avg_LogProb,Avg_Rank,Canary_PPL,PPL_Ratio
Stage0_Base,-3.7890504598617554,-6.547265625,3244.4,857.9446278629645,51.59633063996128
Stage1_SFT,-3.8516360998153685,-6.332421875,1621.1,690.0726277075023,55.36468610650217
Stage2_DPO,-3.7949486732482915,-6.299609375,1340.6,674.7635188440541,52.82906142183654
