Stage,MIA_Gap,Avg_LogProb,Avg_Rank,Canary_PPL,PPL_Ratio
Stage0_Base,-3.7890504598617554,-6.547265625,199.9,857.9446278629645,51.59633063996128
Stage1_SFT,-3.8488332033157344,-6.346875,176.8,706.776981700476,55.66226471200094
Stage2a_DPO_NoCanary,-3.8488332033157344,-6.346875,176.8,706.776981700476,55.66226471200094
Stage2b_DPO_WithCanary,-3.8488332033157344,-6.346875,176.8,706.776981700476,55.66226471200094
